Titulo,Review,TipoViaje,Calificacion,OrigenAutor,FechaOpinion,FechaEstadia
"Maravillosa experiencia, ideal para niños","Amo esta biblioteca es muy hermosa y tiene un gran acervo, me gusta mucho el ambiente, leer un libro con la vista de la ciudad",,5,"Ciudad de México, México",2 de julio de 2025,jun de 2025
Biblioteca más cool,"¡Uno de los museos más geniales que he visto! Un montón de asientos, un gran lugar para tomar fotos. Es un viaje en Uber rápido desde las principales partes de la ciudad y se encuentra justo fuera de una estación de metro. Visita obligada en CDMX",,5,"Los Ángeles, CA",29 de mayo de 2025,may de 2025
Está cerrado por Strike. Volamos desde Nueva York para verlo y cerramos puertas. Dondequiera que miramos decía que estaba abierto.,"Está cerrado por Strike. Volamos desde Nueva York para verlo. No hay una señal de advertencia en ningún lado que sea que está cerrado. Esto es ridículo, debería decirse en algún lugar que está cerrado.",,1,,14 de abril de 2025,abr de 2025
¡La mejor biblioteca!,"Hermosa biblioteca, espaciosa e increíble arquitectura. Maravillosos asientos, silencio, mucha literatura categorizada para elegir, incluyendo computadoras.",,5,,11 de abril de 2025,abr de 2025
Tal vez la biblioteca más genial en la que he estado,Desde fuera no tienes idea de en qué vas a entrar. La mayoría jadeará audiblemente. Escala y diseño es único. Me sentí una prisión de calidad. ¡Debo ver!,,5,"Tustin, CA",12 de enero de 2025,ene de 2025
💜hermosa biblioteca--eche un vistazo a su alrededor!,"Esta magnífica biblioteca es un oasis para escritores y lectores, con espacios interiores y exteriores gratuitos para crear, investigar y relajarse. También es una sesión de fotos bonita para los visitantes de la zona, y un buen cambio de ritmo del bullicio del cercano Mercado de Artesanias la Ciudadela.",,5,"Ciudad de México, México",13 de diciembre de 2024,nov de 2024
Arquitectura genial - Vale la pena visitar,Entrada libre y realmente necesita estar allí para experimentar el wow de la biblioteca. Se puede tener el sentido de la visión que tuvo el arquitecto. Sube las escaleras abiertas a los estantes de libros. Gran lugar para tomar fotos.,,5,"Boston, MA",19 de noviembre de 2024,nov de 2024
Gran lugar!,"Gran biblioteca con muchos pisos de libros y todo tipo de libros en eso de la tecnología a la literatura a la geografía a la historia, etc. bonito edificio",,4,"Houston, TX",15 de octubre de 2024,oct de 2024
Espacio increíble,"Qué joya. Abierto al público, sereno y luminoso. Me encantaron las zonas de estar y espacios al aire libre en cada piso con algunas vistas bastante grandes. Echa un vistazo a los baños para una arquitectura bastante surrealista. ¡Muy recomendable!",,5,,13 de octubre de 2024,oct de 2024
Edificio arquitectónicamente sorprendente,"Biblioteca arquitectónicamente asombrosa: una joya escondida. Puede que no parezca especial desde fuera, pero el interior es impresionante. Las pilas están en voladizo sobre el espacio central. Excelentes vistas desde el piso superior, que tiene un balcón que se abre en todas direcciones para disfrutar de las vistas de la Ciudad de México y la Torre Insignia Carillón (el carillón más alto del mundo), que está a un par de cuadras de distancia. Como beneficio adicional, también es gratis.",,5,Milwaukee,14 de junio de 2024,may de 2024
Gran arquitectura,Arquitectura excepcional e impresionante. El valor de una experiencia gratuita tampoco tiene precio para el viajero preocupado por el dinero.,,5,,17 de abril de 2024,abr de 2024
¡Biblioteca única y hermosa!,"¡Una hermosa biblioteca! Un libro: el paraíso de los amantes. El ambiente en esta biblioteca es muy tranquilo y pacífico, un gran respiro del ajetreo y el bullicio de la ciudad. Da un poco de miedo mirar por encima del borde cuando estás en los niveles más altos, así que ten cuidado si tienes miedo a las alturas. ¡Trae un libro o una computadora portátil al trabajo y podrás quedarte aquí todo el día!",,5,,30 de marzo de 2024,mar de 2024
¡Un lugar increíble para estudiar y pasear!,"En cierto modo vine aquí por capricho, ¡pero definitivamente me alegro de haberlo hecho! La arquitectura era impresionante y pasé una buena hora recorriendo los diferentes rincones de esta biblioteca. Ojalá hubiera traído mi computadora portátil ya que el ambiente realmente se presta para estudiar y trabajar.",,5,,20 de marzo de 2024,sept de 2023
No confíe en el sitio web para conocer el horario de atención,Su sitio web tiene horarios de atención inexactos. Fuimos dos veces la semana pasada y estaban cerrados. Un local finalmente nos dijo que están cerrados hasta el 10 de enero.,,1,,30 de diciembre de 2023,dic de 2023
¡Me encantó!,"La biblioteca está cerca a la parada de metrobus Buena Vista. Si te gusta leer y estudiar en bibliotecas este lugar es ideal, cuenta con muchas espacios condicionados para eso, con conectores cerca y lamparas. Poseen un amplio cronograma cultural, y evidentemente un sin fin de libros.Además, es innegable reconocer su hermosa e imponente estructura.",,5,,13 de noviembre de 2023,nov de 2023
Joya arquitectónica,"La biblioteca es asombrosa. No conseguí un guía turístico, pero la entrada era gratuita.El interior es impresionante. Puedes explorar las pilas y dirigirte directamente a la cima. La revista Dwell me convirtió en un fanático del diseño mexicano moderno de toda la vida, y este es un gran ejemplo de ello. Incluso los muebles.Para mis ingenieros estructurales y fanáticos de la arquitectura, ¿muchos de los pisos son de vidrio templado? Están reforzados debajo de barras de acero. Experimentalmente, tienes la sensación de que simplemente estás suspendido en el aire.A diferencia de la gran biblioteca de Manhattan y la Biblioteca del Congreso, esta biblioteca se vive como una biblioteca. Había varias salas de lectura para niños.",,5,,30 de octubre de 2023,oct de 2023
Lugar emblemático,"Los alrededores no son de lo más agradable pero dentro notas un cambio en el orden, la limpieza y que es enorme. Un edificio emblemático que ha visto mejores épocas. Es muy buen y agradable lugar para leer, aprender y estar un tiempo a gusto. Como lugar únicamente para visitar tal vez no sea tan del gusto general. A los baños les urge recondicionarlos.",,3,,31 de julio de 2023,jul de 2023
"Biblioteca Vasconselos, Ciudad de México: ¡es una maravilla arquitectónica!","Todos estaban como. . ¿Qué vas a visitar una Biblioteca cuando estés en la Ciudad de México? ? Sí, es un lugar increíble para visitar, no solo tiene muchos libros, ¡es una maravilla arquitectónica!Los suelos de cristal suspendidos con acero son una delicia total. Si eres como yo y quieres ver lugares que normalmente no ves en las guías turísticas o en los vídeos de YouTube, este es para ti :)",,5,,19 de mayo de 2023,may de 2023
Arquitectónicamente Interesante.,"Todos mis estudiantes de Arquitectura estudian esta biblioteca, y como bibliotecario que ahora ha visitado la Biblioteca Vasconcelos, puedo ver por qué. Es gratis entrar, bastante y tiene muchos lugares para fotografiar. Tiene jardín, pilas y algunas terrazas al aire libre. Es simplemente un diseño asombroso y bien vale la pena el Uber para verlo.",,5,,25 de abril de 2023,abr de 2023
Súper bueno1,"Es gratis y está abierto a todos, ¡así que puedes ir y disfrutar de las vistas y la tranquilidad interior! También tienen un jardín y un balcón con excelentes vistas.",,5,,2 de diciembre de 2022,nov de 2022
Hermosa ❤️,"Es una biblioteca hermosa, fascinante y maravillosa, me encanta leer y pasar el tiempo, e encontrado datos necesario y es hipnótico estar ahí ",,5,,12 de septiembre de 2022,nov de 2021
"Supongo que realmente se trata de los libros, pero con una arquitectura como esta, ¿quién quiere leer?","He leído que este edificio fue, um, ""problemático"" en su construcción. Pero se construyó, y tú y yo somos más afortunados por ello. Bueno, solo tienes suerte si vas y entras en esta maravilla de vidrio, cemento, acero y millones y millones de libros. Y, quizás más que otra cosa, de imaginación. Porque si considera la imaginación que se utilizó en el diseño del edificio, luego tenga en cuenta el contenido de todos los libros y otras formas de medios que contiene, es un poco como mirar a la galaxia y darse cuenta de que su cerebro simplemente no tiene suficiente. sinapsis para contar todas esas estrellas. Hay pilas con pisos de vidrio en lo alto del aire. Hay acogedoras áreas de lectura con cómodas sillas sobre plataformas suspendidas en el espacio. Silenciosos jardines flanquean la estructura, intercalados entre el incongruente caos del tráfico de las calles de la CDMX y grupos de jóvenes que ensayan arduamente la coreografía que los impulsará al estrellato en los espejos de las paredes de la biblioteca.De acuerdo, la mayoría de los libros, si no todos, están en español, pero si usted es de los EE. UU. y no está intimidado por el desafío de aprender el idioma, puede estar absolutamente seguro de que encontrará libros aquí que estamos no se permite ver en casa.",,5,,25 de junio de 2022,jul de 2021
"Todo lo que buscas , encuentras","Fantástica y organizadisima… excelente lugar , atención , limpio , tranquilo .. y todo lo que buscas .. fue una buena experiencia.",,5,"Playa del Carmen, México",19 de noviembre de 2021,nov de 2021
La primera biblioteca que visite en mi niñez.,"Un lugar donde puedes ir a tener un momento de desestrés, la paz de los jardines y de los lugares de trabajo es muy agradable. La gente deberia ver las bibliotecas como lugares de relajación, pues ademas de ser centros de inteligencia, ayudan a personas a encontrar estabilidad. Amo el área de Ciencias Puras. ",,5,"Ciudad de México, México",8 de agosto de 2021,dic de 2020
Cerrado temporalmente por COVID,"El lugar está actualmente cerrado hasta nuevo aviso debido a las medidas de contención de COVID.Aun así, vale la pena visitar este lugar, porque está al lado de la terminal de trenes/autobuses de Benavides y de un enorme centro comercial.",,5,"Seattle, WA",26 de noviembre de 2020,nov de 2020
INCREIBLE Y MAJESTUOSO,Se trta de una de las bibliotecas mas importantes de toda la ciudad de mexico...Es un lugar enorme...,,4,"San José, Costa Rica",27 de julio de 2020,ago de 2019
Impresionante,"Impresionante visualmente con un gran acerbo de libros, cuenta con varías actividades y exposiciones temporales de arte o fotografía , que hace más interesante el lugar, tambien cuenta con actividades que integra a chicos y a grandes.",,5,"Ciudad de México, México",23 de junio de 2020,dic de 2019
Bien vale la pena el viaje fuera del camino,"La biblioteca se ve tan increíble en persona como en línea, ¡y realmente estás parado sobre ellos! Biblioteca de trabajo muy interesante, llena de muchos CDMXers que intentan hacer su trabajo, y un par de turistas maravillados con el edificio.Vale la pena el viaje desde la ruta turística principal, especialmente si vas al delicioso restaurante Nico's, un corto viaje en taxi cerca.El sitio también está cerca de Tlatelolco, un sitio de mucha historia mexicana que también está poco visitado.",,4,,27 de abril de 2020,oct de 2019
Mi favorita biblioteca,Una de las mas completas de América Latina en ella se puede pasar una semana entera sin aburrirte Y SENTIRTE COMO.   ,,5,"Ciudad de México, México",23 de abril de 2020,nov de 2019
El acervo de Monsiváis,No se pierdan el acervo bibliográfico de Carlos Monsiváis y aprovechen los espacios dedicados a Paz!,,5,,20 de marzo de 2020,feb de 2020
Interesante,"Biblioteca muy completa con un diseño impresionante, recomendado para visitar regularmente, es un lugar para leer y permanecer tranquilamente hasta 3 horas.",,5,"Ciudad de México, México",6 de marzo de 2020,feb de 2020
Una joya escondida de la CDMX,"Una excelente experiencia, nada que ver con las tradicionales bibliotecas, un lugar muy emblemático de la CDMX y aparte el acceso es Gratuito, no te puedes perder la oportunidad de visitarla",,5,,5 de marzo de 2020,nov de 2019
Hermosura,La biblioteca es de los mejores lugares escondidos de CDMX. Bellisimo lugar y de una paz increible..no puedes perderte ir a este lugar!,,5,"Barcelona, España",8 de noviembre de 2019,nov de 2019
De las mejores bibliotecas en la ciudad,"Ya sea para leer, visitar o simplemente contemplar una gran obra arquitectónica, vale la pena visitar esta gran biblioteca que además cuenta con muchas actividades.",,5,"Ciudad de México, México",27 de octubre de 2019,sept de 2019
Hermoso lugar,"Que gran lugar para conocer, estudiar, pasar un tiempo solo, estudiando, aprendiendo o simplemente para ir a relajarte leyendo un libro, trabajando en tu laptop escuchando música. Excelente lugar para pasar un día tranquilo y de aprendizaje. ",,5,"Ciudad de México, México",12 de octubre de 2019,oct de 2019
Completa,"Muy completa y silenciosa, tiene muchas actividades en su interior, no puedes pasar alimentos ni agua ",,5,"Ciudad de México, México",11 de octubre de 2019,oct de 2019
Un lugar Singular,"La Biblioteca Vasconcelos nació como una opción extraordinaria de aprovechar el antiguo casco (medio abandonado) de la estación de trenes de Buenavista. En ella surge majestuoso un sinfín de estantes, escaleras y espacios llenos de libros para que los visitantes los disfruten.Todos tienen un lugar, hay lectura y actividades para todos. Desde un espacio ad hoc para los pequeños, libros para niños más grandes, y todos los géneros para los mayores, es un lugar digno de visitarse por aquellos que aman los libros y tienen tiempo de sentarse a disfrutarlo. También suelen tener actividades culturales, lo cual hace de esta Biblioteca un espacio que invita a ser visitado.Además de que hay un esqueleto de ballena que nos da la bienvenida... Sin duda es digna de visitarla.",,4,"Ciudad de México, México",10 de octubre de 2019,mar de 2019
Espectacular arquitectura,"La arquitectura interna de esta biblioteca pública es simplemente espectacular y vale la pena hacer el viaje, ingresar y contemplar cómo ha sido diseñada. Ingreso libre.",,4,"Lima, Perú",25 de septiembre de 2019,sept de 2019
Surrealista,"Visitar este lugar es surrealista, primero porque las calles de los alrededores no son bonitas y de pronto uno se pregunta si vale la pena. Una vez dentro, te das cuenta que sí. El lugar es muy bello con sus secciones flotantes. Si ya decidieron ir hasta ahí, pasen también a ver el kiosko morisco de Sta. María de la Ribera, a unas cuantas calles. ",,4,"Zapopan, México",25 de agosto de 2019,jul de 2019
Exelente diseño arquitectónico,Esta biblioteca nos enseña que en México si tenemos personas que diseñan cosas magistrales con un diseño de colgar todos los libreros es increíble ver todo flotar desde abajo lo malo que muchos anaqueles se ven medio vacíos no hay una gran cantidad de libros pero para conoser es muy buen paraje aunque te piden para sacar fotos un permiso especial para que prometas no vender la foto,,4,"Ciudad de México, México",6 de agosto de 2019,ago de 2019
Más que una biblioteca.,"Es una obra de arte de la arquitectura moderna. Puedes acceder a sus diferentes niveles y tomar fotos. Siempre y cuando que mantengas silencio. Tiene sala para infantes, para no videntes y para sordos. Además de un calendario de actividades, puedes consultarlo en su página web.",,5,,1 de agosto de 2019,jul de 2019
Buen lugar para visitar,"Podria parecer raro pero ir de visita a una biblioteca en tus vacaciones no es comun, pero la Biblioteca Vasconcelos vale la pena, tanto por su diseño como por la coleccion de libros",,4,"Municipio de León, México",23 de julio de 2019,jul de 2019
Prepara tu cámara,Bienvenido al futuro! Realmente estás en una de Kubrick. No olvides ver la obra del esqueleto de ballena a escala natural colgando del techo. ,,5,"Oaxaca, México",21 de julio de 2019,jul de 2019
Un respiro citadino,"No es una atracción turística, pero tampoco algo que dejes de conocer. Sus múltiples pasillos elevados y terrazas de lectura al aire libre te invitan a hacer una pausa en medio de la ciudad. Recomendación: Súbete al 7o piso y observa el skyline de la CDMX desde una atípica perspectiva. ",,5,"Ciudad de México, México",9 de julio de 2019,jul de 2019
Silencioso y divertido,"Puedes ir a trabajar, ver una pelicular, jugar en los lugares designados y leer libros. Es una construcción muy bella y puedes pasarte por el área cultural. ",,5,,4 de julio de 2019,may de 2019
Hermosa Biblioteca,"Un lugar excepcional donde si te gusta la lectura es lo tuyo, miles de libro en un concepto arquitectonico unico. Los niños no se quedan atras y ahi tienen su lugar donde cada uno puede ir descubriendo la lectura .",,5,,4 de junio de 2019,oct de 2018
Alucinante,"Es una experiencia diferente ya que el piso es de cristal y esta sostenida por cuerdas de alambre, de vez en cuando las escaleras dan toques, esta dividida en dos secciones, la cantidad de acervo cultural es impresionante. Como impresionante es el esqueleto de dinosaurio que esta al entrar.",,5,,7 de mayo de 2019,jul de 2018
Biblioteca emblematica,La biblioteca ofrece espacios super buenos la estantería de libros flotantes es impresionante y sin duda el acceso principal. Cabe destacar que mi visita solo fue para apreciarla mas no para consulta de libros.,,5,"Aguascalientes, México",24 de abril de 2019,abr de 2019
Impresionante su contenido bibliografico,Es un lugar bastante impresionante en su arquitectura excepto si sufres de vertigo. U. Aservo bibliografico considerable para estudiantes lo unico muy malo es e estacionamiento. La parada e metrobuses lo hace muy complicado para llegar en carro.,,4,México,21 de abril de 2019,feb de 2019
Biblioteca Impresionante,"Me da mucho gusto que existan espacios como este,  muy completa esta biblioteca, modernista y con acceso a todo publico.",,5,"Irapuato, México",19 de abril de 2019,abr de 2019
Espacio de cultura y recreación,"Esta biblioteca es un hermoso lugar de cultura y recreación que vale la pena conocer y disfrutar sus espacios para la lectura, estarás rodeado de libros y mucha cultura",,5,,1 de abril de 2019,feb de 2019
IMPRESIONANTE recomendado al 1000%,"Nunca creí poder ver una obra tan grande y con tantos nichos como esta.Existen actividades para chicos, medianos y grandes, desde préstamo de computadoras, lecturas de libros, cuentacuentos, actividades para niños. Hasta el uso de las bibliografías que alberga este recinto de conocimiento y sabiduría.Si quieres salir de lo ordinario de los museos, el parque, o el cine, ven a ver o darte una vuelta por la biblioteca, no creo que se la más grande de latinoamérica, pero si de las más grandes.",,5,"Ciudad de México, México",19 de marzo de 2019,mar de 2019
Poco tiempo abierto,Las instalaciones son muy buenas pero los horarios de atención no son nada flexibles para los laboramos en horarios de oficina ,,2,"Ciudad de México, México",19 de marzo de 2019,ene de 2019
Hermosa,"Excelente visitar esta biblioteca, es enorme y te sorprenderás por sus niveles, hay actividades para niños",,5,,6 de marzo de 2019,ene de 2019
La antigua estación del ferrocarril...,millones de libros para leer y otras actividades. Vale la pena sobre todo por las otras actividades que puedes desarrollar en grupo o en solitario. Muy cerca del Metrobus!,,4,"Tuxtla Gutiérrez, México",16 de enero de 2019,ene de 2019
maravillosa!,"Es considerada una de las mas bellas del mundo. Solamente cuidado con el lugar, no es muy seguro, mejor salir de dia. El barrio alrededor es interesante. ",,5,"Ciudad de México, México",15 de enero de 2019,sept de 2018
La biblioteca más grande de México,"Se encuentra en la antigua estación de trenes Buenavista, existe desde 2006, del arquitecto famoso Alberto Kalach, en más de 38mil m2. Tiene más de 600mil libros, jardines en donde puedes salir a leer, área de libros Braille, auditorios, espacios para galerías, equipos para usar internet, salas de multimedia. La credencial la obtienes muy fácil, sitio muy iluminado y con espacios abiertos para leer, además de estacionamiento. ",,5,"Ciudad de México, México",7 de enero de 2019,ene de 2019
UN GRAN ASERVO DOCUMENTAL,"Esta biblioteca es una de las más grandes de México. Para todos los niveles educativos es una opción, además de que se encuentra en una zona muy bonita de la ciudad, muy cerca de la plaza de la ciudadela. Si te interesa cultivarte más a un precio muy limitado esta es la opción, además es posible obtener credencial para préstamo de libros a domicilio. ",,5,,1 de enero de 2019,sept de 2018
¡Vayan!,"Soy aficionado de los libros, librerías y bibliotecas y sin  duda visitar este lugar, sus salas y jardines es un imperdible en la ciudad. lo recomiendo ampliamente.",,4,Mexico,13 de diciembre de 2018,ene de 2018
un lugar de pelicula,"Es una magnífica obra arquitectonica, el lugar y la ambientación le dan otra característica a la biblioteca.",,5,"Ciudad de México, México",11 de diciembre de 2018,oct de 2018
Deja volar tu imaginación,"Desde el momento en que se entra, sorprende la arquitectura y cómo está dispuesto el acervo en lo que parecen bloques de cristal y metal suspendidos en el aire. La Biblioteca Vasconcelos es realmente enorme, con varios niveles, cada uno con amplias salas para consultar no sólo los libros, sino las computadoras también.Es fácil llegar a través del metrobús (estación Buenavista). No obstante, no está en una zona turística de la ciudad, por lo que visitarla no suele formar parte de los itinerarios de los visitantes a la capital.La entrada es gratuita y funciona hasta las 19:30.",,5,"Villahermosa, México",6 de noviembre de 2018,nov de 2018
Impresionante,"La biblioteca , enorme e impresionante 6 pisos de puros libros , a los amantes de la lectura y los libros tendrán un orgasmo intelectual al entrar a sus instalaciones , lo malo la ubicación y el estacionamiento que está falto de mantenimiento así como algunas áreas de la biblioteca ",,4,"Ciudad de México, México",3 de noviembre de 2018,nov de 2018
Arquitectura que enamora,"Biblioteca publica que cuenta con todas las comodidad para pasar un buen rato a gusto.En cuanto elijas el libro adecuado y un lugar donde leer, el tiempo se te ira volando.",,5,"Tuxtla Gutiérrez, México",28 de octubre de 2018,jul de 2018
La biblioteca más grande que he visitado,"Es un sitio recomendable para ir a estudiar o leer un rato. Tiene una gran diversidad de material bibliográfico que puedes consultar. Cuenta con equipo de computo para realizar búsqueda de títulos o para realizar alguna tarea, solo debes tramitar un credencial de uso interno. Cuenta con elevadores y estacionamiento. La entrada es gratuita y esta abierta toda la semana.",,5,"Guadalajara, México",2 de octubre de 2018,jul de 2018
Increíble espacio cultural con un acervo bibliográfico muy extenso,"Un espacio cultural muy activo, además de su gran acervo bibliográfico, ofrece muchas otras más actividades como talleres, presentaciones artísticas, actividades infantiles, etc.",,5,,2 de octubre de 2018,sept de 2018
BIBLIOTECA DE PRIMER MUNDO,"Lleve a mi hija para que realizara un una visita y un trabajo de la Biblioteca y me sorprendí. Esta hermosa, vanguadista, tienen salas especiales para ciegos, para niños con una buena selección de libros.  ES UN LUGAR PARA IR, CONOCER, APRENDER Y DISFRUTAR.",,5,,2 de octubre de 2018,sept de 2018
Un lugar impresionante. ,"Por recomendación de amigos, llegue a tramitar mi credencial para préstamo a domicilio. El proceso fue rápido y entré a merodear por el recinto, es impresionante el acervo que tiene,me sentí pequeñita ante el. Títulos que no consigues fácilmente en México, ¡tres libros a tu disposición por tres semanas!Computadoras, WIFI libre, salas muy agradables de lectura y la atención de todo el personal, respetuosa y puntual. ",,4,,28 de septiembre de 2018,sept de 2018
La ame,"Además te dan libertad para curiosear, los contrastes tan padres que tiene, muchísimos libros y el diseño esta increíble.",,5,"Tulancingo, México",19 de septiembre de 2018,abr de 2018
Amé la biblioteca,"La biblioteca muestra una hermosa arquitectura. Para quienes amamos los libros, es un lindo lugar para visitar y tomar buenas fotografías",,5,,7 de septiembre de 2018,ago de 2018
Un poco alejada pero vale la pena,Es la biblioteca más bella que he visitado. Es muy grande y tiene una infraestructura fantástica. Espero que la conserven así.,,5,"Lima, Perú",3 de septiembre de 2018,mar de 2018
genial,"Si te gusta la lectura y un lugar agradable para hacerlo, creo que este es lugar, muchos espacios super tranquilos,  talleres y un sin fin de titulos, muy recomendable. ",,5,"Mazatlán, México",31 de agosto de 2018,ago de 2018
Una biblioteca fuera de lo común.,Excelente lugar para  la lectura y consulta. Si solo vas a ver el edificio te encontraras con una grata sorpresa por la arquitectura .  ,,5,"Mexico City, Distrito Federal, Mexico",27 de agosto de 2018,mar de 2018
LIbros! libros!,"Un sueño para quienes les gusta leer y el olor de los libros. Es una construcción enorme dedicada al conocimiento, así que puedes ""viajar"" por las salas y detenerte a leer, hay salas de lectura, además de las computadoras actuales. El jardín amerita un recorrido, sobre todo, si lo acompañas con un libro. Está ubicado muy cerca de Forum Buenavista, así que llegas muy rápido desde cualquier punto de la Ciudad de México",,5,"Ciudad de México, México",19 de agosto de 2018,feb de 2018
impresionante,"Las colecciones privadas, su arte y arquitectura me dejaron sorprendida. Recomiendo visitarla con tiempo.Hay una zona para niños, que me pareció muy buena, y de mucho provecho.",,5,,14 de agosto de 2018,ago de 2018
Un lugar ideal para inspirarse...,"Esta biblioteca contiene uno de los acervos más interesantes, las diversas actividades educativas y culturales, enriquecen la experiencia en este lugar, por supuesto que la arquitectura y algunas piezas de arte dejan con la boca abierta a cualquiera. La gestión del lugar y el personal administrativo no son muy amables y se tropiezan con la burocracia, pero superado eso, uno puede disfrutar de este interesante lugar. ",,5,"Ciudad de México, México",8 de agosto de 2018,jun de 2018
Arquitectura fuera de lo común,"Gratuito y bonito, vale la pena recorrer y quedarse un rato a disfrutar de sus colecciones, tienen incluso una sección de Comics. ",,5,"Pachuca, México",7 de agosto de 2018,jul de 2018
Favorito,"Uno de mis lugares favoritos en la ciudad, es impresionante e imponente, la estructura del lugar te invita a fotografiar y a leer en cualquiera de sus rincones. Un lugar espectacular y vale la pena visitar.",,5,"Ciudad de México, México",6 de agosto de 2018,jun de 2018
Una alternativa para relajarse y estudiar.,"Es un lugar tranquilo, con mucho espacio, tiene incluso acceso a estacionamiento gratuito, cuenta con  áreas de escritorios, salas de lectura algunas acondicionadas con sofás que hacen la estancia más apetecible, sala infantil, salas auditorio y bellas áreas verdes en caso de que la opción sea leer algo al aire libre.Cuenta con equipo de cómputo que se presta sólo con credencial de usuario. El problema es que especialmente los fines de semana es difícil conseguir una, es mejor llevar la propia pero no siempre hay buena conexión. Tiene buen acervo, pero no caería mal una ampliación del mismo, hace pocos años fue habilitado el piso de arriba con nuevo equipo y material de lectura diferente, menos serio, como mangas y libros más chuscos.Buen lugar, buen diseño.",,3,,4 de julio de 2018,feb de 2018
Visita obligada,"Dentro de la ruta de la arquitectura moderna en CDMX esta obra es de obligatoria visita, además de su interior el exterior vale la pena recorrerlo. El edificio aporta mucho a la ciudad por sus espacios libres y jardines que son de libre acceso. Hay una estación de bus a 5 min lo que la hace realmente accesible. Se pueden tomar fotografías con cámara profesional siempre y cuando se solicite permiso, lo cuál es muy sencillo.",,5,"Cali, Colombia",4 de julio de 2018,ago de 2017
Tranquilidad ,"Puedes encontrar cualquier tema en diferentes secciines; me gusta por que hay mucho orden en los cubículos. También hay computadoras para indagar diferentes fuentes y hay escritorios para leer. Hay mucha tranquilidad y no hay mucho ruido, también puedes imprimir los libros a precios económicos. ",,5,,1 de julio de 2018,jul de 2018
la mejor,"El mejor lugar de la Ciudad de México, una arquitectura y estructura impresionante. Ojalá siempre cuiden esos detalles tan bonitos y no la dejen caer. ",,5,,14 de junio de 2018,jun de 2018
Un espacio increible,El diseño arquitectónico es espectacular con espacios muy amplios e iluminados. Los jardines exteriores lo hacen un oasis dentro de la ciudad. Gran variedad de libros y espacios de lectura.,,5,"Ciudad de México, México",3 de mayo de 2018,abr de 2018
Maravillosa.,"Una maravillosa sorpresa descubrir esta biblioteca. El diseño es increíble, realmente es un imperdible, y más para los amantes de los libros.",,5,"Roma, Italia",29 de marzo de 2018,feb de 2018
Te va encantar!!,"Esta Biblioteca quedo hermosa, desde que entras no puedes dejar de admirar la construcción y el acervo que sus paredes guardan. Tienen actividades para los peques y exposiciones super interesantes. Si así lo deseas, te puedes registrar para recibir información de eventos.",,5,"Mississauga, Canadá",20 de marzo de 2018,abr de 2017
impresionante obra de la arquitectura moderna!!,"Impresionante biblioteca en mexico, df.  Se encuentra localizada al norte de la capital, junto ala antigua estación de trenes de Buenavista y al tianguis el chopo.  Fue inaugurada el 16 de mayo de 2006.  Fue proyectada por un equipo empezando por el arquitecto mexicano alberto Kalach.  Los demás integrantes fueron gustavo Lipkau, juan palomar y Tonatiuh Martinez.   Alberga 575 mil libros pero su diseño le permite crecer hasta lograr el acervo de 2,000.000 ejemplares. La entrada es gratuita de lunes a domingo de 8:30 am a 19:30pm de lunes a domingo. ",,4,"Córdoba, México",27 de febrero de 2018,feb de 2018
Enorme e interesante biblioteca,"A parte de su acervo bibliográfico, de acero gratuito y con otras actividades para niños y adultos. Si de pronto te da por leer o investigar algún tema, es una magnífica opción.",,4,"Ciudad de México, México",25 de febrero de 2018,ene de 2018
"Increible lugar, no sólo es Biblioteca, hay exhibiciones y pláticas","Un lugar interesante que conocer, además hay actividades programadas sobre todo en fines de semana. También hay cursos.",,5,"Mexico,Df",22 de diciembre de 2017,oct de 2017
Hermosa!,"Hermosa biblioteca! Pase de casualidad porque me equivoque y me sorprendia al ver tan linda biblioteca, su arquitectura, las instalaciones super originales y el auditorio es increible. la recomiendo si estas de paso! es la linea de metrobus insurgente y te bajas en buenavista cerca donde esta el shopping y donde esta la estacion de metro y tren conurbano",,3,"Buenos Aires, Argentina",5 de diciembre de 2017,mar de 2017
Impresionante ,"Arquitectura impresionante, espacio más que suficiente para poder leer y/o estudiar, la entrada es gratis , se llega con la Línea B del metro, bajar en la estación Buenavista que te deja en frente de la estación de ferrocarriles del mismo nombre , al lado se encuentra la Biblioteca .",,5,,26 de noviembre de 2017,nov de 2017
Para conocerte...,"Me encanto esta biblioteca, no solo por la increíble inmensidad de libros para escoger, su arquitectura y sus vistas combinan el lugar perfecto para descontarte y/o concentrarte en ti y tu lectura, un lugar totalmente agradable. Definitivamente tienes que dar un recorrido por sus jardines.",,5,,16 de noviembre de 2017,dic de 2016
Me quede impresionado,"Definitivamente es espectacular la biblioteca, con un gran acervo cultural y literario, las instalaciones son buenas y el auditorio es enorme",,5,"Ciudad de México, Distrito Federal, Mexico",9 de octubre de 2017,mar de 2017
Moderna biblioteca,"Se inauguró en el año 2006 y su construcción estuvo a cargo de Alberto Kalach. Me parece una arquitectura muy bonita, llamativa y que llama la atención visualmente.Hay muchísimos libros, periódicos, revistas y discos de música. Además hay computadoras para el uso público.El horario es de 8:30 a 17:30 durante todos los días de la semana. Entrada gratuita.",,4,"Buenos Aires, Argentina",21 de septiembre de 2017,ago de 2017
Biblioteca vacía ,"La arquitectura es impresionante, fue muy a gusto sentarme a leer pero me sorprendió  mucho ver pocos libros y le falta mantenimiento a las instalaciones.",,3,,10 de agosto de 2017,ago de 2017
Maravilloso recinto,"Fuimos por una exposición temporal y por fin conocí la biblioteca y sus colecciones y salones y espacios. Es un lugar donde algunos vamos de turistas, pero la mayoría lee o estudia o hace trabajos escolares.",,5,"Puerto Vallarta, México",8 de agosto de 2017,may de 2017
Visita Biblioteca Infantil,"Visita con mis sobrinas que vienen de Querétaro, están encantadas de este lugar. Todos los niños tienen que conocerla.",,5,"Ciudad de México, México",23 de julio de 2017,jul de 2017
Visita por placer!!!!,Si.gustas de la lectura y de un sitio agradable y acogedor es sin duda un lugar a visitar.... Y si gustas de espectáculos y exposiciones no dejes de ir!!!! Excelente lugar !!!!,,5,"Tlalnepantla, México",11 de julio de 2017,dic de 2016
"Increible lugar para los amantes de la lectura, lastima de ubicacion","Para los amantes de la lectura e investigación el lugar esta increible. Esta biblioteca es de alto calado, con gran acervo y buenas instalaciones. Primero probé con mi hijo la sección de niños en planta baja, amplia, con ejemplares atractivos pero limitada. Curiosamente hay una sección arriba con cientos de libros para niños. Subí a todos los niveles para explorar otras áreas. Sin duda este no es lugar para gente que teme a las alturas; Sus amplias vistas, anaqueles colgantes y pisos de vidrio hicieron que me sintiera con cosquillas en las piernas. Tiene zona de computadoras y en general no me tocó ver mucha gente lo que facilita encontrar un sofá o una silla. Los baños no necesariamente están a la altura así que mínimo lleva tu propio papel.La iluminación me intrigó ya que estaba nublado y aprovecha mucho la luz del sol. Parecía un poco oscuro aunque mi vista no mostró molestia.Me llamó mucho la atención la cantidad de seguridad. Imagino que hay mucho vandalismo y robo. No me gusto la ubicación ya que no esta en zona turística a pesar de tener el carácter de nacional. Su acceso contiguo a la estación Buenavista y a la enorme plaza comercial sin duda ayudan a los locales. Visita su sitio web, esta muy completo.",,4,"La Paz, México",6 de julio de 2017,jun de 2017
Un Palacio de libros!,"Esta es una biblioteca nacional y se nota. El lugar es el nombre de José, un importante intelectual Vascoconcelos mexicana, filósofo y escritor, quien sirve como presidente de la Universidad Nacional Autónoma de México (UNAM) y también como Secretario de Educación. Él ayudó a modernizar el sistema mexicano de educación. Vale la pena leer antes de ir. Todas las bibliotecas de la casa 950, combinado hay 000 volúmenes. Pudimos entrar en la colección de la biblioteca privada de Carlos Monsiváis, un autor Mexicano muy famoso, entre otros. Pasar algún tiempo aquí. Podrá emocionarse leer un libros!",,5,"Houston, TX",2 de junio de 2017,may de 2017
Biblioteca muy guay!,"Esta biblioteca tiene una arquitectura increíble y el ambiente, y lo mejor de todo, en realidad es ampliamente utilizado como un lugar de estudio por los estudiantes mexicanos. Una visita obligada si estás en la zona. Asegúrate de visitar los pisos de arriba: ten cuidado si tienes vértigo. Hay jardines, también.",,5,"Upsala, Suecia",9 de abril de 2017,abr de 2017
Tan diferente!,"Esta biblioteca es un debe ver! Toda la biblioteca parece como es flotante. Era mucho lo que estaba acostumbrado a volver a casa. Recomendaría una visita aquí, así que puede ir a mostrar su bibliotecario local las fotos.",,5,"Saint Louis, MO",29 de marzo de 2017,dic de 2016
Excelente lugar para leer,Un espacio de sabiduría entre paredes grises donde puedes pasar un buen rato aprendiendo entre libro o internet,,4,,25 de marzo de 2017,mar de 2017
Impactante,Biblioteca que vale la pena visitar si se está cerca. Impactante arquitectura y manejo de la relación entre la luz y el espacio.,,5,,20 de marzo de 2017,nov de 2016
Una biblioteca unica!,"Sin duda, de todas las bibliotecas que he conocido en el mundo, esta sin duda es mi favorita. Es un lugar con un gran acervo, que ofrece ademas experiencias unicas como biblioteca humana, exposiciones, eventos de poesia en lenguas indigenas, talleres, etc. Es ademas un lugar donde van chicos a ensayar coreografias aprovechando los enormes ventanales-espejos. Tiene un libro de vistantes donde pude leer una nota que dejo un vagabundo que contaba que era su lugar favorito para encontrar la paz. El personal es muy amable, el diseño del edificio increible, y su esqueleto de ballena un toque divino. Si lo tuyo es leer, escuchar musica, estar en paz, caminar entre jardines, sin duda este lugar es para ti.",,5,"Guadalajara, México",17 de marzo de 2017,nov de 2016
El bookworm en este lugar te encantará,Visita obligada para todos!Hacer notar que es un poco al norte de la línea de metro y coger el metro cuesta 50 pesos para mí. Habría sido una decisión súper (sabio 100 pesos),,5,"Singapur, Singapur",29 de enero de 2017,ene de 2017
Excelente lugar!,Muy buen lugar para estudiar o incluso para realizar actividades como escuchar o tocar musica en una de sus múltiples salas. Cuenta con exposiciones temporales y una amplia gama de títulos así como mucha ayuda por parte del personal que todo el tiempo está a tu disposición.,,5,"Ciudad de México, México",18 de enero de 2017,ene de 2017
Increíble arquitectura,Nunca he visto tal cosa en mi vida. Increíble para los amantes de la arquitectura de este lugar también tiene hermosos jardines alrededor y wifi gratuito.,,5,"Barcelona, España",11 de enero de 2017,ene de 2017
Biblioteca diferente a las que se encuentran en la ciudad con un buen servicio y personal capacitado dispuesto,Un espacio maravilloso con un acervo para todas llas edades ademas de que cuenta con cursos gratuitos de informatica para todo publico que este interesado solo hay que hacer un pequeño examen para la colocación del nivel.,,5,"Córdoba, México",30 de noviembre de 2016,oct de 2016
Un templo del conocimiento,"Los pasillos, los estantes, la arquitectura, los miles de libros, un templo abierto a todo aquel que desee accesar al conocimiento, espacios amplios, donde uno se siente libre.",,4,"Ciudad de México, México",15 de noviembre de 2016,oct de 2016
Una propuesta diferente,"Esta biblioteca publica y con la mayoría de servicios gratuitos tiene un diseño de vanguardia de tipo  industrial con una gran efectividad en el aprovechamiento del espacio, tiene jardines externos muy bonitos.",,5,,20 de septiembre de 2016,may de 2016
"Gran biblioteca del norte de la ciudad, con un acervo impresionante y buen servicio.","Es una moderna gran biblioteca, que ofrece la posibilidad de usar sus instalaciones de manera gratuita, incluyendo el uso de computadoras. Su estructura es impresionante, sus jardines bellos y el ambiente relajado y apropiado para la lectura. De fácil acceso tanto en transporte público(dos estaciones de metrobús y una de metro se encuentran a unos pasos) y ofrece posibilidad de estacionamiento también.",,5,"Ciudad de México, México",14 de septiembre de 2016,sept de 2016
La mejor biblioteca ,"Gratuita , puedes entrar a todos los rincones sin que te sientas observado Hay jardines , terrazas , salas, cine, zonas de lectura y arte ",,5,"Ciudad de México, México",13 de septiembre de 2016,sept de 2016
Increíble biblioteca,"La arquitectura de la biblioteca es impresionante... incluso si no vas a encontrar un libro, sólo para ir a ver la biblioteca interiores es suficiente.El aparcamiento es muy accesible y hay un área infantil donde los niños pueden conseguir cómodas y leer.Realmente me encantó este lugar!",,5,"Ciudad de México, México",7 de septiembre de 2016,abr de 2016
Arquitectura y cultura,"en esta biblioteca encontrarás un sin fin de títulos si eres un amante de la lectura, además tiene en si parte central un esqueleto de ballena que podrás admirar!",,5,"Ciudad de México, México",23 de agosto de 2016,sept de 2015
Entrada espectacular,"Me encantan los libros. Me encantan las bibliotecas. Especialmente con ediciones antiguas realmente antiguo limitado. Esta biblioteca es el antiguo estilo parecen más modernas. Todavía tiene muchos libros increíbles. Si te gusta libros podías pasar horas aventura alrededor. Pero si no estás cerca, y realmente vale la pena la visita. Es enorme, pero muy bien, no abrume. Se invita a mirar alrededor y ser curioso.",,5,"Ciudad de México, México",10 de agosto de 2016,ago de 2016
Gran Acervo Bibliográfico,"La biblioteca se encuentra instalada en un moderno edificio. Tiene un gran acervo de libros de diversidad de materias, áreas y temas, por ello es un sitio de enriquecimiento cultural en el que con certeza encuentras el libro que requieres. Siendo una Biblioteca Pública la entrada es gratuita. Como llegar: La estación Buenavista es cercana. Disfruta de este espacio cultural...la VIDA ¡Es un viaje!",,4,"Ciudad de México, México",25 de julio de 2016,mar de 2016
Sin literatura griega,"Fui a la biblioteca para buscar un libro de literatura griega clásica, el cual no encontré ya que según el catálogo estaba en restauración, y cuando pregunte si había mas ediciones me informaron que estaba sido descatalogado desde 2014, como es posible que puedan descatalogar y tener una sección con solo unos 10 libros diferentes de literatura griega clasica",,3,,20 de julio de 2016,jul de 2016
"Excelente acervo, arquitectura y jardines","La biblioteca Vasconcelos es un excelente lugar para salir de tu rutina. Te ofrece un acervo biblografico bastante amplio, asi que no importa que disfrutes de leer, ten por seguro que aqui lo encontraras, Su arquitectura es muy disfrutable e interesante, y los jardines son muy bellos ya sea que gustes de caminar, relajarte o pasar un rato contigo mismo. Es un lugar con actividades muy variadas, puedes encontrar desde grupos ensayando pasos de baile, como las mismas actividades que realiza la biblioteca. ",,5,"Pachuca de Soto, Hidalgo, Mexico",19 de julio de 2016,jul de 2016
Muchas actividades para todo público,"No Solamente hay libros sino también muchas actividades como música, exposiciones y talleres. El evento del día del niño es muy divertido.",,5,,7 de junio de 2016,jun de 2016
Biblioteca,"Espacio increíble, si te gusta la arquitectura, tienes que ir a este lugar. La distribución del espacio es hermoso y caducidad material es algo genial para una biblioteca. Realmente lo disfruté.",,4,"Medellín, Colombia",30 de mayo de 2016,may de 2016
"Impresionante biblioteca en México, mejoras en la selección de libros obsoletos que actualmente hay","Visitamos esta biblioteca la cual se encuentra a unos pasos de la estación de metrobus buenavista.   La verdad es que nunca termino de conocer México, quedé impresionada con lo moderno de sus instalaciones y la cantidad tan grande de libros que hay.  El acceso es libre y el ambiente perfecto para aquellos que quieren ir a pasar un día en la tranquilidad leyendo o estudiando.  Lo único que no me gustó fue que observé gran cantidad de libros de texto viejos que hoy en día no sirven de nada, obsoletos y solo funcionan para que la biblioteca se vea más bonita.  Algo así como uno Windows 2007 en serio ?  Creo que el personal encargado de la misma tienen que hacer una actualización en los libros que manejan. ",,3,"Johannesburgo, Sudáfrica",18 de mayo de 2016,may de 2016
Un pequeño oasis cultural en el centro/norte de la Ciudad,"La biblioteca, a pesar de no quedar como se proyectó originalmente (Faltan jardines y el Jardín botánico continua cerrado al publico, aunque sí existe y falta aservo) Es una obra que vale mucho la pena conocer.  Su arquitectura interior es muy bonita, las salas de lectura cómodas y cuenta con un buen abanico de oferta cultural, empezando por los conciertos que se programan regularmente en su auditorio. Los jardines son un pequeño oasis a donde ir a caminar y sentarse a leer y por su puesto la obra de Gabriel Orozco (Matrix) es el punto focal del interior. Los atardeceres desde las terrazas superiores con muy bonitos también. Entre semana está lleno de estudiantes, los fines de semana son má familiares por las actividades, pero siempre es un gran lugar para pasar un par de horas, disfrutando de su arquitectura y de los libros.",,4,"Boston, MA",10 de mayo de 2016,mar de 2016
Recomendable para los amantes de la lectura,"Con una moderna construcción, cuenta con salas de lectura y jardines que permiten disfrutar al máximo la visita, además de tener estacionamiento propio.",,5,"Ciudad de México, México",14 de abril de 2016,abr de 2016
Lo hace para tomar un libro y sentarse!,"Esta biblioteca es impresionante y merece una visita si estás en la zona. Tome una mirada desde el suelo enviar pero también subir unos pisos para apreciar el diseño. También recuerde ser respetuoso, es aún una biblioteca y la gente son en realidad para leer/estudiar!",,5,Canada,5 de abril de 2016,feb de 2016
Fascinante,"Me encanta leer, además si ocupar consultar algún libro de cualquier tipo o materia aquí lo encuentras. Me encanto por la cantidad de libros además de su estructura hace que pases un día o tarde de lectura muy amena.",,5,"Aguascalientes, México",23 de marzo de 2016,oct de 2015
Es realmente un lugar para visitar ... pero tranquilo por favor!,"He estado aquí por la tercera vez, y es realmente un lugar para alojarse por trabajo muy concentrada sin ningún distractor (sólo algunos chicos que ignorar tienen que ser silenciosa).  Sin embargo, es muy agradable para visitar como turista, esto porque tiene una increíble arquitectura, el diseño es realmente impresionante, cada pasillo y reserva de taxis son en realidad suspendida del techo. También están en exposición una esqueleto (era lo encontramos en Baja California, no cazan las ballenas!!!) de ballenas en el medio del vestíbulo. Alrededor del edificio los jardines están bastante bien, y está abierto todos los días de la semana. Es muy recomendable.",,5,"Ciudad de México, México",17 de marzo de 2016,mar de 2016
disparatado diseño!,"Genial para ver un diseño fascinante. Si te gusta el diseño y bibliotecas, esto es para ti. No nos quedamos mucho tiempo, sólo unos 30 minutos, pero eso fue suficiente tiempo.",,5,Canadá,5 de marzo de 2016,feb de 2016
Excelente!!!,"Como bien dicen para gustos los colores, es una biblioteca impactante por donde la quieras ver, original, auténtica que vale la pena conocer. Por fuera pasa desapercibida, nunca imaginarias como esta por dentro que es donde esta lo impactante.Fue una biblioteca muy costosa pero no tanto por los anaqueles y lo que en si tiene la biblioteca sino por la corrupción que ésta implico.Vale la pena conocerla!",,5,"Guanajuato, México",26 de febrero de 2016,feb de 2016
Interesante edificio contemporáneo,"Si quieres ver lo que no debe hacerse en el diseño de un edificio de la biblioteca, la Biblioteca Vasconcelos es un buen ejemplo de ello. Aunque parece interesante desde el exterior y una vez encontrar donde está la entrada, el hall principal es agradable ya que tiene una escultura hecha con el esqueleto de un diseño de ballenas por Gabriel Orozco. Muchas personas de la zona visitarlo, aunque la colección de libros es muy limitado.",,3,Mexico,17 de febrero de 2016,dic de 2015
"una reacción vertiginosa, increíble arquitectura","Los amigos me dijeron acerca de este lugar. Sus fotos me ayudó a convencer a Ciudad de México; me encanta arquitectura moderna, y no tenía ni idea de que hay mucho de ella, en esta ciudad fenomenal!La ubicación es un poco lejos del centro de la ciudad, cerca de la Buena Vista metrobus parada. Un típico servicial pasajero (personas que conocí aquí han sido muy amables y simpáticos) me acompañó directamente a la puerta de la biblioteca. Este no es un lugar turístico, es una biblioteca universitaria que funciona, así que me dieron la idea de que debería pedir permiso para tomar fotos. El guardia dirigieron al administrador, que tenía que firmar un formulario diciendo que no usar mis fotos con fines comerciales, no mostrar algo que viola la privacidad de los clientes, etc. Otro guardia tomó mi pasaporte y me dio un gafete de visitante de desgaste. Ellos radioed todos los guardias para hacerles saber que me gustaría registrados. Después de eso, sin embargo, me sentí bien acogido y libre para pasear.Me quedé impresionado por este lugar. (Me llevó cientos de fotos.) Si has visto Star Trek, este lugar le recordará el barco de Borg. No es tan aterrador, aunque. Hay caminos de vidrio rodean el edificio; las pilas (estanterías) están suspendidos en espacio abierto. En una ubicación propensas a terremotos así como ciudad de México, no me puedo imaginar cómo un arquitecto podría tener la confianza de diseño como un lugar.Casi todo el mundo que vi era obviamente estudioso. Sólo vi otro fotógrafo dedicado en las varias horas aquí. Yo me presenté, y me preguntó si yo soy arquitecto. No soy; fue. lo comparamos notas sobre la gran arquitectura en la ciudad de México. La mayoría de los otros lugares eran mucho más altos en el Tripadvisor ránkings que este, pero él y yo convino en que Biblioteca Vasconcelos es uno de los más impresionantes.",,5,"Tucson, AZ",12 de febrero de 2016,feb de 2016
Un feo mausoleo para los libros,"La biblioteca Vasconcelos es un gran elefante blanco construido en la época del ex presidente Vicente Fox. En gustos se rompen géneros. A mí en lo personal me ha parecido una de las bibliotecas más feas y peor concebidas en la historia monumental de la humanidad. Si quieres conocer un espacio fallido en el que se derrochó gran cantidad de dinero, acude. Quizás te resultará más interesante visitar luego el tianguis del Chopo, a poca distancia a pie de allí.",,2,"Ciudad de México, México",31 de enero de 2016,ago de 2015
"INTERESANTE, NO APTO PARA PERSONAS MIEDO A LAS ALTURAS","LA Arquitectura de este lugar es muy interesante. Uno se siente volando al elegir los libros casi en el aire. Cuenta con muchísimas colecciones, así como eventos. Aún en caso que como nosotros no vayan a consultar ningún libro, ver los títulos y sobre todo caminar entre los pasillos de las alturas es una grata experiencia",,5,"Morelia, México",27 de enero de 2016,feb de 2015
Diferente,"Vivo muy cerca, y me gusta visitar de vez en cuando para apreciar su arquitectura y algunos de sus eventos, es definitivamente una biblioteca única y diferente",,5,"Mexico City, Distrito Federal, Mexico",24 de diciembre de 2015,dic de 2015
Agusto.,"Con variedad de áreas designadas para leer-escribir, ya sea dentro de las instalaciones ó afuera para disfrutar del clima y del paisaje con áreas verdes en los alrededores del lugar, también ofrecen muchas opciones de eventos gratuitos durante la semana con su amplio horario de atención: conciertos, talleres, exposiciones.",,4,"Torreón, México",14 de diciembre de 2015,dic de 2015
hay que verlo,"Está en un extraño lugar pero no imposible, pero no es muy céntrico. De todos modos, es fácil llegar en transporte público. Es increíble y una biblioteca muy fotogénicos. Me dijeron que la colección no es tan genial, pero desde que era un turista, realmente no importa.",,5,"Jersey City, NJ",12 de diciembre de 2015,dic de 2015
Libros y Arquitectura,"Salvo que sean amantes de los libros o deseen apreciar la arquitectura del lugar, yo no llegaría hasta Buenavista solo por la Biblioteca.Está muy cerca de la estación Buenavista (llega el Metro, el suburbano y el metrobus) y del Forum (Centro Comercial)... Si bien es una ubicación céntrica queda algo distante de la zona turística y pudiera ser una travesía no muy segura si desconocen la zona. Ahora que si ya andan por allí, a unas cuadras conviene visitar el Kiosco Morisco de Santa María La Ribera.",,4,"Monterrey, México",10 de diciembre de 2015,oct de 2015
HORROR Y CORRUPCIÓN,"No es posible que esto exista como biblioteca, quéjense Mexicanos, no es posible que exista este bodrio que no tiene pies ni cabeza de biblioteca. Quéjense de este sitio, es una verdadera burla a la gente y todos los usuarios.",,2,"Cracovia, Polonia",23 de noviembre de 2015,nov de 2015
IMPRESIONANTE,"Un lugar para volverse loca de la cantidad de libros que hay para elegir y disfrutar de una buena lectura además es excelente legar para realizar trabajos y tareas, en el cual el personal que labora es muy atento y cuentan con la calidez para ayudar y brindar un excelente servicio.",,5,"Ciudad de México, México",17 de noviembre de 2015,nov de 2015
"increíble lugar, buena arquitectura!","Es verdaderamente especial para mí para visitar ese lugar porque me encanta libros, pero hecho, yo no estaba excpecting de ver el buen diseño arquitectónico de un edificio que tiene libros! Los libros se destaca es como flotar todo diferentes partes y puedes encontrar un montón de libros interesantes, también está rodeado de bonitos jardines. Me encanta!!!",,5,"Ciudad de México, México",12 de noviembre de 2015,sept de 2015
Una buena serie de conciertos,Además de la impresionante arquitectura los Vasconcelos biblioteca periódicamente presenta buenos conciertos en su sala de conciertos. En general la biblioteca es un oasis de paz y tranquilidad en una esquina concurrida y ruidosa de la ciudad.,,5,"Toluca, México",28 de octubre de 2015,oct de 2015
Excelente Oferta Cultural,"Biblioteca vanguardista con una muy amplia variedad de actividades todo el año. Desde la consulta de libros, revistas, planos o mucho más en archivo electrónico hasta una moderna sala de cine, conferencias internacionales y muchos más. Un recinto Cultural muy completo",,5,"Ciudad de México, México",28 de octubre de 2015,ago de 2015
impresionante biblioteca,Si estás allí alrededor te sugiero que le dan un aspecto a la biblioteca colgantes decorativos de Vasconcelos. Uno de los mejores que he viseted.,,5,"Madrid, España",26 de octubre de 2015,may de 2015
Cultura y modernidad,Es interesante ver la forma en que la antigua termilal de trenes se adapto para el edificio de una moderna biblioteca.,,5,"Ciudad de México, México",11 de octubre de 2015,oct de 2015
Impresionante!,"Tuve que ir x cuestiones de trabajo de mi hija; me impacto cuando entre!! vale la pena ir a conocerla, tiene salas para sentare a leer y grandes mesas para hacer tus trabajos y computadoras, di una vuelta por algunos pisos y revise los estantes y noté que algunos libros por lo menos de esos estantes, eran de texto o de escuela, aún asi había mucha gente, si andan por Buenavista pasen, vale mucho la pena",,5,"Ciudad de México, México",18 de septiembre de 2015,jun de 2015
Imponente,"Es una biblioteca ultra moderna. Está muy bien distribuida, llena de color gracias a construcción por pisos, pasillos de vidrio y ese amplio pasillo central.",,5,"Cuernavaca, México",10 de septiembre de 2015,ene de 2015
Una super biblioteca.,"Es una de las bibliotecas más grandes que conozco, de estilo modernista, los libreros son colgantes y su arquitectura espectacular.",,5,"La Paz, México",3 de septiembre de 2015,mar de 2015
La más grande y bonita,"La más grande y bonita, la verdad es que tienen libros de todo tipo, puedes pedir computadoras prestadas en caso de que no tengas propio para trabajar en las instalaciones, puedes estudiar tranquilamente en el lugar.",,5,"Minneapolis, MN",2 de septiembre de 2015,ago de 2015
"Para consulta, entretenimiento o lectura diaria, te lo recomiendo.",La atmósfera del lugar te invita irremediablemente a la lectura.  Muy buenos espectáculos familiares gratuitos. ,,4,"Ciudad de México, México",1 de septiembre de 2015,ago de 2015
MARAVILLOSO,"Sentir como la cultura te rodea, sentir una arquitectura diferente, donde la luz juega un papel acorde a este mágico sitio es una belleza de biblioteca.",,5,,1 de septiembre de 2015,nov de 2014
Muy buena,"Amplio espacio con gran variedad de bibliografía escrita y electrónica, con un auditorio para conciertos, aunque aun no he podido adquirir mi credencial para préstamo de libros.",,4,"Torreón, México",24 de agosto de 2015,jul de 2015
Una gran sorpresa visual,Una biblioteca deslumbrante por su arquitectura y la belleza de cada sala. Un lugar que invita a leer y a pensar. ,,5,"Ciudad de México, México",12 de agosto de 2015,nov de 2014
Biblioteca con arquitectura impresionante,La arquitectura de esta biblioteca es impresionante. También cuenta con talleres para niños. Lleva tu credencial de estudiante para sacar libros.,,5,"Ciudad de México, México",5 de agosto de 2015,dic de 2014
Impactante,"Es un edificio que desde fuera parece no tener nada de especial pero una vez dentro, impresiona. Sus estantes suspendidos y sus salas y vacíos son muy agradables. Se puede acceder a leer la prensa o revistas así como consultar todos los libros que allí se almacenan, además su uso es gratuito, por lo que se puede ir a estudiar, hacer trabajos, etc.",,5,"Vila-real, España",28 de julio de 2015,jun de 2015
Excelente!!,"A pesar de que el lugar no esta en la mejor zona y de fácil acceso, vale mucho la pena. La arquitectura y la decoración del lugar son padrísimos, aunque no vayas a consultar nada en la biblioteca es un lugar para ir a visitar, es una visita obligada en la ciudad de Mèxico.",,5,,25 de julio de 2015,jul de 2015
Un momento en el cielo,"La amé en realidad, es magnífico poder pasar un momento en paz rodeada de tanto conocimiento. Es simplemente maravilloso.",,5,,25 de julio de 2015,jul de 2015
Arquitectura impresionante.,"Este es un lugar maravilloso para visitar en términos de arquitectura y en términos de la literatura y el conocimiento. Fuimos un domingo, el lugar era tranquilo. Puede sentarse y leer tantos libros como quieras. También celebrar diferentes eventos. Mi única queja es que los jardines necesitan mantenimiento y los caminos de exterior debería estar más limpio. Uno de ellos estaba llena de bolsas con la basura.",,4,Mexico City,8 de julio de 2015,abr de 2015
De las mejores experiencias y no solo de estudio,"Es una biblioteca moderna, con muchas actividades por hacer, tiene sala de música, de peliculas, sala de cine, jardín, asi que no hay excusa para no leer en este lugar.",,5,"Ciudad de México, México",1 de junio de 2015,feb de 2015
Atracción por dentro y por fuera,Una de las 10 mejores bibliotecas contemporáneas construidas. afuera los sábados durante la mañana se vive un día distinto asi que muy recomendable ir ese día. ,,5,"San Miguel de Tucuman, Argentina",4 de mayo de 2015,jul de 2014
Hermosa biblioteca,Si te gustan las bibliotecas públicas es un estupendo. Primero tomar las escaleras y disfrutar de la arquitectura del lugar. Es gratuito y puede quedarse tanto tiempo como desee.,,5,"Ciudad de México, México",8 de abril de 2015,jul de 2014
Arquitectura y libros,"El edificio de la biblioteca es un diseño contemporaneo. Debido a su uso y la calidad de los materiales de construcción parece una estructura del siglo 19 o 20.  Inmensa en longitud.  Especializada en libros de ciencias blandas. Poco o nada de libros de ciencias, ingenierias ni creatividad. Ciencias sociales y literaturas. Ideal para estudiantes hasta prepatatoria. Tiene estacionamiento gratuito en el sotano para muchos coches. Para admirar y meditar.",,5,Maryland,30 de marzo de 2015,mar de 2015
El Metropolis - increíble de Fritz Lang,"Me pareció que era un conjunto de 007 Bond, o alguna película estilo de fi. Realmente vale la pena echar un vistazo. Pero, arquitectura y libros aparte, lo que me encantó es el hecho de que la biblioteca tenía una auténtica sensación de comunidad, - personas estaba actuando fuera, en patines o charlando o pasar el rato y todo estaba muy bueno. Es un espacio impresionante - inmensa, agradable y accesible. Textos en braille.Si estás en una arquitectura, espacios, libros comunes - es imperdible. En efecto, si lo que quieres es ver a la gente en un espacio público - el mismo!",,5,"London, United Kingdom",29 de marzo de 2015,dic de 2014
La modernidad integrada a la naturaleza,"Visitar la Biblioteca Vasconcelos se vuelve una experiencia exquisita. Ubicada en lo que fue una antigua estación del ferrocarril, la Biblioteca da la impresión de ser un esqueleto gigantesco de un animal prehistórico, del cual penden los estantes de libros. A la entrada de la instalación el visitante pierde el aliento por la grandiosidad del espectáculo que ofrece. tomar un libro y salir a los jardines a disfrutarlo es una experiencia inolvidable.",,5,CD. DE MEXICO,27 de marzo de 2015,feb de 2015
Una chulada de biblioteca.,"Aunque no te guste o no sepas leer, esta biblioteca es una visita digna de poner en el itinerario, desde el diseño del edificio hasta las colecciones que ahí se encuentran, hacen de este un lugar fantástico. Hay una plaza cerca por si quieres comer algo, el lugar tiene un estacionamiento super seguro y gratuito, y hay 3 de las lineas del metrobus muy cerca de ella.",,5,Chetumal,25 de marzo de 2015,ago de 2014
hermosa como toda biblioteca,"Es moderna, inmensa y bien organizada. Arquitectónicamente no es muy llamativa, pero si les gustan las bibliotecas tienen que ir!!",,5,,17 de marzo de 2015,abr de 2014
Impactante Biblioteca,"Un lugar único en todo México. La Biblioteca Vasconcelos, a pesar de sus polémicos orígenes, es hoy por hoy un gran recinto para las letras y el estudio. Con su monumental arquitectura, la Biblioteca cuenta con tres edificios integrados como uno sólo, los cuales cuentan con más de 7 pisos donde usted puede encontrar además de una gran variedad de libros de todas las temáticas en estanterías colgantes, salas de descanso, equipo de computo, mesas de trabajo y terrazas con bellísimas vistas a la ciudad. En su planta baja existen varios recintos que amplían la experiencia literaria, como una videoteca, hemeroteca, ludoteca, salón de música, un auditorio e incluso un espacio para exposiciones temporales. Aunque no se vaya a buscar un libro en específico, vale la pena pasar a este lugar para maravillarse con su distribución arquitectónica que pareciera infinita, además de disfrutar de sus bien cuidados jardines. Desde el Centro Histórico se puede llegar por medio de la Línea 4 del Metrobús, ya que la Biblioteca se encuentra de frente a la Estación Buenavista de este mismo sistema de transporte. La visita puede complementarse con un pequeño recorrido por la Colonia Santa María la Ribera o por el Museo Universitario del Chopo; y si se tiene ánimos de conocer a profundidad las distintas culturas urbanas que existen en la ciudad se puede asistir todos los sábados al Tianguis Cultural del Chopo, justo a un costado de la Biblioteca. Disfrute su visita, relájese y sumérjase en el texto de un libro.",,5,"Ciudad de México, México",9 de febrero de 2015,feb de 2015
La biblioteca mas grande de Latinoamerica,"Aunque fria pero bien calculada, esta moderna biblioteca es bella y funcional, construida durante el mandato del ex-presidente Vicente Fox Quesada, vale mucho la pena para visitarla.",,5,"Ciudad de México, México",10 de enero de 2015,ene de 2015
Arquitectura moderna mexicana,Impresionante obra arquitectónica del arquitecto Kalach. Tienen conciertos y actividades culturales. Pero vale la pena conocer el sitio.,,4,"Ciudad de México, México",7 de enero de 2015,oct de 2014
Excelente lugar para leer y meditar,"Hay pocos lugares tan importantes como una buena biblioteca, en lo particular para mi es de gran utilidad pues puedo encontrar obras de autores japoneses e ingleses que admiró desde hace mucho tiempo , además de una arquitectura y diseño sorprendentes.",,4,mexico,4 de noviembre de 2014,
Un lugar para reflexionar y descansar,"Esta biblioteca a mi parecer muy bien ubicada, presenta no sólo gran variedad de libros (aunque ya deberían comenzar a actualizarse) sino un diseño muy atractivo, con salas de lectura, mesas de trabajo, balcones y un auditorio con diversas presentaciones. También esta el patio con las frases en las paredes y algunos atractivos (como las rocas esférica o el par de rotores que se encuentran allí) Una maravilla de biblioteca, lastima que el último piso ahora esta inaccesible, me gustaba ir hasta arriba y leer en los sillones que se encontraban en medio.",,5,,16 de octubre de 2014,
Sorprendente,"Además de ir a consultar ejemplares, sería bueno darle una visita por sus pasillos, es una biblioteca muy moderna; el diseño arquitectónico te deja con la boca abierta.",,5,"Punta Cana, República Dominicana",2 de octubre de 2014,may de 2014
"edificio de frío, bonitos jardines","Aunque este enorme edificio de arquitectura biblioteca es bastante fría, los jardines de los alrededores son un buen seguro respiro del bullicio de Buenavista. El nivel superior terrazas dan a los jardines, y las plataformas de lectura en los extremos del edificio ofrecen una vista elevada por toda la longitud del edificio. mejor visitar por die-hard ventiladores de arquitectura o ventiladores de biblioteca. Uno de una arquitectura contemporánea.",,4,"Rosario, Argentina",27 de septiembre de 2013,sept de 2013
"Excelente lugar, con muchísimas fuentes bibliográficas y gran diversidad.","Es un lugar bellísimo, amplio, con bibliografía extensa, tranquilo, con personal de apoyo y además con zonas para leer, escribir o simplemente perderte en tus pensamientos ante ese ambiente. Mjuy cómoda!!!",,5,"México D.F,",2 de septiembre de 2013,ago de 2013
Bonita novedad.,"La Biblioteca ha sido muy críticada por su arquitectura, opinión que no comparto. Tiene su propio estacionamiento subterráneo para autos, bicicletas y motos. Del estacionamiento tiene un elevador que sube a la planta baja donde podrás observar los 7 niveles llenos de balcones  llenos de libros.Puedes entrar solo a echar un vistazo o a consultar. Tiene mesas y salas para leer, también hay terrazas donde puedes leer al aire libre.Tienen también dos salas especiales para los niños, una de lectura y otra de juego. También hay una librería.",,4,,12 de agosto de 2013,ago de 2013
La biblioteca en español mas grande del mundo,"A pesar de encontrarse en una no muy buena ubicación en el norte de la Ciudad de México, esta biblioteca bien vale la pena visitarla. Es la biblioteca en español mas grande del mundo (disputándose ese título con la Biblioteca Nacional de México que administra la UNAM). Su arquitectura moderna es fascinante y ofrece servicio para los mas pequeños, como talleres, cuenta cuentos, etc. Puedes inscribirte como miembro, obtener tu credencial y sacar temporalmente libros y otros materiales de consulta.",,5,"Ciudad de México, México",22 de mayo de 2013,ene de 2013
"Buen ambiente, mala red de internet","Cuando uno quiere buscar más opciones para consultar y/o leer libros, este lugar es de mis preferidos puesto que el servicio es eficiente, los bibliotecarios son más amables que los de la UNAM, tienen servicio de internet gratis por el tiempo que sea necesario sólo con presentar una identificación, los trámites para la credencialización son sencillos, el ambiente es el de una biblioteca, es decir, silencio suficiente para concentrarse, sin embargo no es muy recomendable la red puesto que constantemente se va, es lenta, muchas veces me ha ocurrido, pero para los que requieren de este servicio de manera gratuita es una gran ayuda.Si usted padece de acrofobia no le recomiendo subir por los libros.",,3,"Ciudad de México, México",26 de marzo de 2013,mar de 2013
increíble Biblioteca!,"biblioteca increíble! Uno de los mejores libraires en el mundo, una película serie, una zona para niños, un increíble edificio, escultura de Gabriel Orozco, wifi y ... una máquina de café.",,5,"Ciudad de México, México",15 de abril de 2012,abr de 2012
Un gigantesco exo-esqueleto lleno de libros y espacios didacticos,"¡Que sorpresa tan agradable me he llevado al conocer la legendaria Biblioteca Vasconcelos!!!Le agradezco en verdad al maestro de mi hija de Bachillerato que en plena ""Era Google"", les haya dejado a los alumnos esa tarea que era, según yo, ""propia de la Era de las cavernas"" ¡pero hay de cavernas a cavernas! ¡woow! Me encantó!!Desde que llegué me llevé una impresión increíblemente agradable cuando pude entrar al enorme, cómodo, seguro y limpio estacionamiento, Gratuito.En la planta baja, además de la Sala Braille y la Videoteca con computadoras para disfrutar del material audiovisual, también hay una amplia Ludoteca donde los niños pasan un tiempo muy divertido con educadoras que organizan actividades infantiles muy divertidas.Subimos las escaleras que están junto al servicio de paquetería y entramos a un gigantesco edificio, muy austero (mi hija dice que le falta algo de pintura) que puede describirse como una constante estructura metálica a la que le dan soporte algunos bloques de cemento y vidrio a lo largo de lo que normalmente serían 3 enormes edificios, uno junto al otro.Los anaqueles de libros están todos a la vista y para extraerlos es necesario caminar por pasillos que, para ser franca, ¡¡me dieron un vértigo espantoso!! porque es necesario caminar sobre bloques de vidrio traslúcido cuyo soporte es un perímetro de metal ¡¡que miedo!! Me acordé de Shrek diciéndole a Burro ""No mires abajo, No mires abajo""! Qué vértigo, por dios!!!Pero lo que más me gustó fue la gran diversidad de espacios diseñados para distintas técnicas de estudio, individual y grupal.Hay espacios acojinados que se prestan muy bien a dinámicas de grupo donde los participantes se echan en el suelo alfombrado o en los suves, mullidos y cómodos taburetes de colores, en salones amplios que facilitan el movimiento.También hay espacios donde los estudiosos consultan libros en mesas amplias, con espacio suficiente para desplegar muchos libros y cartulinas, estas mesas tienen además refuerzos de iluminación que no utilizamos porque era de día.También hay suficientes computadoras de escritorio para todos y mesas con conexiones eléctricas y cables de conexión a internet para quienes llevan su propia lap top.Espacios que tienen sillas ergonómicas y mesas de estudio a la altura de los codos, y también y mesas de trabajo, a la altura de las rodillas, donde poner marcadores de texto, cinta adhesiva y paredes libres para elaborar hasta periódicos murales.Espacios, espacios y más espacios. Cada uno de los 3 edificios de 7 pisos de la Biblioteca tienen espacios destinados a todas y cada una de las técnicas de estudio, aprendizaje, individual y grupal; y elaboración de material de exposición.Los elevadores están en buen estado y en los pasillos hay bebederos de agua potable. También revisé los sanitarios y me parecieron limpios y adecuados, en especial me llamó la atención que siendo una Biblioteca totalmente gratuita los baños tuvieran papel higiénico ¡excelente!También hay balcones con vista al exterior, sin ventanas, donde sopla libremente el viento fresco y se aprecian maravillosas panorámicas de nuestra ciudad.Quizás lo único que podría sugerir es que incluyan el servicio de fotocopiado o scanner y también que agreguen una cafetería en el patio adyacente, pues, aunque el tema de los alimentos estaría cubierto con los servicios de Plaza Buenavista, sí hace falta que haya un sitio más cercano para comprar al menos un café.La Biblioteca Vasconcelos está ubicada en un sitio estupendamente comunicado, junto al entronque de la Avenida Insurgentes con el Eje 1 Norte (Alzate), en la terminal Buenavista del Tren Suburbano, en la Estacion Buenavista de la línea B del Metro  (la que viene de Ciudad Azteca) y la estación Buenavista de las líneas 1 y 3 del metrobus (1. Indios Verdes-CU-Perisur-El Caminero y 3. Tenayuca-Etiopía)Este sitio desde hace algunos años ha sido punto de reunión de todas esas tribus urbanas de jóvenes, como los dark, los punk y los góticos, que frecuentan la zona del Museo del Chopo. Con la construcción de la Biblioteca Vasconcelos los jóvenes se han replegado a la calle de Aldama y para alguien con óptica viajera, resulta tan interesante  ver a los dark, punk, emo's y todas esas tribus urbanas como ver a los tzeltales en Chiapas, a los quechuas en Cusco, Perú o a los zulúes en África; para mí son igual de interesantes.A todos aquellos que, como yo, conocemos la Leyenda del desafortunado origen de la Biblioteca Vasconcelos, los invito a hacer a un lado nuestros prejuicios, olvidarnos de las goteras y darnos el gusto de visitarla, pues las personas contratadas para su realización fueron verdaderos expertos bibliotecarios mexicanos, que no tienen la culpa de que un tonto con poder haga declaraciones vergonzosas.",,5,"Tlayacapan, México",28 de febrero de 2011,feb de 2011
